INSERT INTO region VALUES('Ale');
INSERT INTO region VALUES('Alingsås');
INSERT INTO region VALUES('Alvesta');
INSERT INTO region VALUES('Aneby');
INSERT INTO region VALUES('Arboga');
INSERT INTO region VALUES('Arjeplogs');
INSERT INTO region VALUES('Arvidsjaurs');
INSERT INTO region VALUES('Arvika');
INSERT INTO region VALUES('Askersunds');
INSERT INTO region VALUES('Avesta');
INSERT INTO region VALUES('Bengtsfors');
INSERT INTO region VALUES('Bergs');
INSERT INTO region VALUES('Bjurholms');
INSERT INTO region VALUES('Bjuvs');
INSERT INTO region VALUES('Bodens');
INSERT INTO region VALUES('Bollebygds');
INSERT INTO region VALUES('Bollnäs');
INSERT INTO region VALUES('Borgholms');
INSERT INTO region VALUES('Borlänge');
INSERT INTO region VALUES('Borås');
INSERT INTO region VALUES('Botkyrka');
INSERT INTO region VALUES('Boxholms');
INSERT INTO region VALUES('Bromölla');
INSERT INTO region VALUES('Bräcke');
INSERT INTO region VALUES('Burlövs');
INSERT INTO region VALUES('Båstads');
INSERT INTO region VALUES('Dals-Eds');
INSERT INTO region VALUES('Danderyds');
INSERT INTO region VALUES('Degerfors');
INSERT INTO region VALUES('Dorotea');
INSERT INTO region VALUES('Eda');
INSERT INTO region VALUES('Ekerö');
INSERT INTO region VALUES('Eksjö');
INSERT INTO region VALUES('Emmaboda');
INSERT INTO region VALUES('Enköpings');
INSERT INTO region VALUES('Eskilstuna');
INSERT INTO region VALUES('Eslövs');
INSERT INTO region VALUES('Essunga');
INSERT INTO region VALUES('Fagersta');
INSERT INTO region VALUES('Falkenbergs');
INSERT INTO region VALUES('Falköpings');
INSERT INTO region VALUES('Falu');
INSERT INTO region VALUES('Filipstads');
INSERT INTO region VALUES('Finspångs');
INSERT INTO region VALUES('Flens');
INSERT INTO region VALUES('Forshaga');
INSERT INTO region VALUES('Färgelanda');
INSERT INTO region VALUES('Gagnefs');
INSERT INTO region VALUES('Gislaveds');
INSERT INTO region VALUES('Gnesta');
INSERT INTO region VALUES('Gnosjö');
INSERT INTO region VALUES('Gotlands');
INSERT INTO region VALUES('Grums');
INSERT INTO region VALUES('Grästorps');
INSERT INTO region VALUES('Gullspångs');
INSERT INTO region VALUES('Gällivare');
INSERT INTO region VALUES('Gävle');
INSERT INTO region VALUES('Göteborgs');
INSERT INTO region VALUES('Götene');
INSERT INTO region VALUES('Habo');
INSERT INTO region VALUES('Hagfors');
INSERT INTO region VALUES('Hallsbergs');
INSERT INTO region VALUES('Hallstahammars');
INSERT INTO region VALUES('Halmstads');
INSERT INTO region VALUES('Hammarö');
INSERT INTO region VALUES('Haninge');
INSERT INTO region VALUES('Haparanda');
INSERT INTO region VALUES('Heby');
INSERT INTO region VALUES('Hedemora');
INSERT INTO region VALUES('Helsingborgs');
INSERT INTO region VALUES('Herrljunga');
INSERT INTO region VALUES('Hjo');
INSERT INTO region VALUES('Hofors');
INSERT INTO region VALUES('Huddinge');
INSERT INTO region VALUES('Hudiksvalls');
INSERT INTO region VALUES('Hultsfreds');
INSERT INTO region VALUES('Hylte');
INSERT INTO region VALUES('Håbo');
INSERT INTO region VALUES('Hällefors');
INSERT INTO region VALUES('Härjedalens');
INSERT INTO region VALUES('Härnösands');
INSERT INTO region VALUES('Härryda');
INSERT INTO region VALUES('Hässleholms');
INSERT INTO region VALUES('Höganäs');
INSERT INTO region VALUES('Högsby');
INSERT INTO region VALUES('Hörby');
INSERT INTO region VALUES('Höörs');
INSERT INTO region VALUES('Jokkmokks');
INSERT INTO region VALUES('Järfälla');
INSERT INTO region VALUES('Jönköpings');
INSERT INTO region VALUES('Kalix');
INSERT INTO region VALUES('Kalmar');
INSERT INTO region VALUES('Karlsborgs');
INSERT INTO region VALUES('Karlshamns');
INSERT INTO region VALUES('Karlskoga');
INSERT INTO region VALUES('Karlskrona');
INSERT INTO region VALUES('Karlstads');
INSERT INTO region VALUES('Katrineholms');
INSERT INTO region VALUES('Kils');
INSERT INTO region VALUES('Kinda');
INSERT INTO region VALUES('Kiruna');
INSERT INTO region VALUES('Klippans');
INSERT INTO region VALUES('Knivsta');
INSERT INTO region VALUES('Kramfors');
INSERT INTO region VALUES('Kristianstads');
INSERT INTO region VALUES('Kristinehamns');
INSERT INTO region VALUES('Krokoms');
INSERT INTO region VALUES('Kumla');
INSERT INTO region VALUES('Kungsbacka');
INSERT INTO region VALUES('Kungsörs');
INSERT INTO region VALUES('Kungälvs');
INSERT INTO region VALUES('Kävlinge');
INSERT INTO region VALUES('Köpings');
INSERT INTO region VALUES('Laholms');
INSERT INTO region VALUES('Landskrona');
INSERT INTO region VALUES('Laxå');
INSERT INTO region VALUES('Lekebergs');
INSERT INTO region VALUES('Leksands');
INSERT INTO region VALUES('Lerums');
INSERT INTO region VALUES('Lessebo');
INSERT INTO region VALUES('Lidingö');
INSERT INTO region VALUES('Lidköpings');
INSERT INTO region VALUES('Lilla Edets');
INSERT INTO region VALUES('Lindesbergs');
INSERT INTO region VALUES('Linköpings');
INSERT INTO region VALUES('Ljungby');
INSERT INTO region VALUES('Ljusdals');
INSERT INTO region VALUES('Ljusnarsbergs');
INSERT INTO region VALUES('Lomma');
INSERT INTO region VALUES('Ludvika');
INSERT INTO region VALUES('Luleå');
INSERT INTO region VALUES('Lunds');
INSERT INTO region VALUES('Lycksele');
INSERT INTO region VALUES('Lysekils');
INSERT INTO region VALUES('Malmö');
INSERT INTO region VALUES('Malung-Sälens');
INSERT INTO region VALUES('Malå');
INSERT INTO region VALUES('Mariestads');
INSERT INTO region VALUES('Marks');
INSERT INTO region VALUES('Markaryds');
INSERT INTO region VALUES('Melleruds');
INSERT INTO region VALUES('Mjölby');
INSERT INTO region VALUES('Mora');
INSERT INTO region VALUES('Motala');
INSERT INTO region VALUES('Mullsjö');
INSERT INTO region VALUES('Munkedals');
INSERT INTO region VALUES('Munkfors');
INSERT INTO region VALUES('Mölndals');
INSERT INTO region VALUES('Mönsterås');
INSERT INTO region VALUES('Mörbylånga');
INSERT INTO region VALUES('Nacka');
INSERT INTO region VALUES('Nora');
INSERT INTO region VALUES('Norbergs');
INSERT INTO region VALUES('Nordanstigs');
INSERT INTO region VALUES('Nordmalings');
INSERT INTO region VALUES('Norrköpings');
INSERT INTO region VALUES('Norrtälje');
INSERT INTO region VALUES('Norsjö');
INSERT INTO region VALUES('Nybro');
INSERT INTO region VALUES('Nykvarns');
INSERT INTO region VALUES('Nyköpings');
INSERT INTO region VALUES('Nynäshamns');
INSERT INTO region VALUES('Nässjö');
INSERT INTO region VALUES('Ockelbo');
INSERT INTO region VALUES('Olofströms');
INSERT INTO region VALUES('Orsa');
INSERT INTO region VALUES('Orusts');
INSERT INTO region VALUES('Osby');
INSERT INTO region VALUES('Oskarshamns');
INSERT INTO region VALUES('Ovanåkers');
INSERT INTO region VALUES('Oxelösunds');
INSERT INTO region VALUES('Pajala');
INSERT INTO region VALUES('Partille');
INSERT INTO region VALUES('Perstorps');
INSERT INTO region VALUES('Piteå');
INSERT INTO region VALUES('Ragunda');
INSERT INTO region VALUES('Robertsfors');
INSERT INTO region VALUES('Ronneby');
INSERT INTO region VALUES('Rättviks');
INSERT INTO region VALUES('Sala');
INSERT INTO region VALUES('Salems');
INSERT INTO region VALUES('Sandvikens');
INSERT INTO region VALUES('Sigtuna');
INSERT INTO region VALUES('Simrishamns');
INSERT INTO region VALUES('Sjöbo');
INSERT INTO region VALUES('Skara');
INSERT INTO region VALUES('Skellefteå');
INSERT INTO region VALUES('Skinnskattebergs');
INSERT INTO region VALUES('Skurups');
INSERT INTO region VALUES('Skövde');
INSERT INTO region VALUES('Smedjebackens');
INSERT INTO region VALUES('Sollefteå');
INSERT INTO region VALUES('Sollentuna');
INSERT INTO region VALUES('Solna');
INSERT INTO region VALUES('Sorsele');
INSERT INTO region VALUES('Sotenäs');
INSERT INTO region VALUES('Staffanstorps');
INSERT INTO region VALUES('Stenungsunds');
INSERT INTO region VALUES('Stockholms');
INSERT INTO region VALUES('Storfors');
INSERT INTO region VALUES('Storumans');
INSERT INTO region VALUES('Strängnäs');
INSERT INTO region VALUES('Strömstads');
INSERT INTO region VALUES('Strömsunds');
INSERT INTO region VALUES('Sundbybergs');
INSERT INTO region VALUES('Sundsvalls');
INSERT INTO region VALUES('Sunne');
INSERT INTO region VALUES('Surahammars');
INSERT INTO region VALUES('Svalövs');
INSERT INTO region VALUES('Svedala');
INSERT INTO region VALUES('Svenljunga');
INSERT INTO region VALUES('Säffle');
INSERT INTO region VALUES('Säters');
INSERT INTO region VALUES('Sävsjö');
INSERT INTO region VALUES('Söderhamns');
INSERT INTO region VALUES('Söderköpings');
INSERT INTO region VALUES('Södertälje');
INSERT INTO region VALUES('Sölvesborgs');
INSERT INTO region VALUES('Tanums');
INSERT INTO region VALUES('Tibro');
INSERT INTO region VALUES('Tidaholms');
INSERT INTO region VALUES('Tierps');
INSERT INTO region VALUES('Timrå');
INSERT INTO region VALUES('Tingsryds');
INSERT INTO region VALUES('Tjörns');
INSERT INTO region VALUES('Tomelilla');
INSERT INTO region VALUES('Torsby');
INSERT INTO region VALUES('Torsås');
INSERT INTO region VALUES('Tranemo');
INSERT INTO region VALUES('Tranås');
INSERT INTO region VALUES('Trelleborgs');
INSERT INTO region VALUES('Trollhättans');
INSERT INTO region VALUES('Trosa');
INSERT INTO region VALUES('Tyresö');
INSERT INTO region VALUES('Täby');
INSERT INTO region VALUES('Töreboda');
INSERT INTO region VALUES('Uddevalla');
INSERT INTO region VALUES('Ulricehamns');
INSERT INTO region VALUES('Umeå');
INSERT INTO region VALUES('Upplands Väsby');
INSERT INTO region VALUES('Upplands-Bro');
INSERT INTO region VALUES('Uppsala');
INSERT INTO region VALUES('Uppvidinge');
INSERT INTO region VALUES('Vadstena');
INSERT INTO region VALUES('Vaggeryds');
INSERT INTO region VALUES('Valdemarsviks');
INSERT INTO region VALUES('Vallentuna');
INSERT INTO region VALUES('Vansbro');
INSERT INTO region VALUES('Vara');
INSERT INTO region VALUES('Varbergs');
INSERT INTO region VALUES('Vaxholms');
INSERT INTO region VALUES('Vellinge');
INSERT INTO region VALUES('Vetlanda');
INSERT INTO region VALUES('Vilhelmina');
INSERT INTO region VALUES('Vimmerby');
INSERT INTO region VALUES('Vindelns');
INSERT INTO region VALUES('Vingåkers');
INSERT INTO region VALUES('Vårgårda');
INSERT INTO region VALUES('Vänersborgs');
INSERT INTO region VALUES('Vännäs');
INSERT INTO region VALUES('Värmdö');
INSERT INTO region VALUES('Värnamo');
INSERT INTO region VALUES('Västerviks');
INSERT INTO region VALUES('Västerås');
INSERT INTO region VALUES('Växjö');
INSERT INTO region VALUES('Ydre');
INSERT INTO region VALUES('Ystads');
INSERT INTO region VALUES('Åmåls');
INSERT INTO region VALUES('Ånge');
INSERT INTO region VALUES('Åre');
INSERT INTO region VALUES('Årjängs');
INSERT INTO region VALUES('Åsele');
INSERT INTO region VALUES('Åstorps');
INSERT INTO region VALUES('Åtvidabergs');
INSERT INTO region VALUES('Älmhults');
INSERT INTO region VALUES('Älvdalens');
INSERT INTO region VALUES('Älvkarleby');
INSERT INTO region VALUES('Älvsbyns');
INSERT INTO region VALUES('Ängelholms');
INSERT INTO region VALUES('Öckerö');
INSERT INTO region VALUES('Ödeshögs');
INSERT INTO region VALUES('Örebro');
INSERT INTO region VALUES('Örkelljunga');
INSERT INTO region VALUES('Örnsköldsviks');
INSERT INTO region VALUES('Östersunds');
INSERT INTO region VALUES('Österåkers');
INSERT INTO region VALUES('Östhammars');
INSERT INTO region VALUES('Östra Göinge');
INSERT INTO region VALUES('Överkalix');
INSERT INTO region VALUES('Övertorneå');
INSERT INTO hantverkare VALUES('user0@gmail.com', 'user0', 1030233035, 'cb71cd3f59909532b783257f5f97d0502af258231f9d17cbe762799c0bb4a0f6', 'Benkes bygg är en snickare fran Roslagen', 2, FALSE, 32, 16);
INSERT INTO snickare VALUES('user0@gmail.com');
INSERT INTO hantverkare VALUES('user1@gmail.com', 'user1', 9542193564, 'e6c3da5b206634d7f3f3586d747ffdb36b5c675757b380c6a5fe5c570c714349', 'Benkes bygg är en snickare fran Roslagen', 2, FALSE, 16, 8);
INSERT INTO snickare VALUES('user1@gmail.com');
INSERT INTO hantverkare VALUES('user2@gmail.com', 'user2', 3563465190, '1ba3d16e9881959f8c9a9762854f72c6e6321cdd44358a10a4e939033117eab9', 'Benkes bygg är en snickare fran Roslagen', 2, FALSE, 4, 1);
INSERT INTO snickare VALUES('user2@gmail.com');
INSERT INTO hantverkare VALUES('user3@gmail.com', 'user3', 8915818031, '3acb59306ef6e660cf832d1d34c4fba3d88d616f0bb5c2a9e0f82d18ef6fc167', 'Benkes bygg är en snickare fran Roslagen', 2, FALSE, 2, 2);
INSERT INTO snickare VALUES('user3@gmail.com');
INSERT INTO hantverkare VALUES('user4@gmail.com', 'user4', 5967886484, 'a417b5dc3d06d15d91c6687e27fc1705ebc56b3b2d813abe03066e5643fe4e74', 'Benkes bygg är en snickare fran Roslagen', 2, FALSE, 50, 10);
INSERT INTO snickare VALUES('user4@gmail.com');
INSERT INTO hantverkare VALUES('user5@gmail.com', 'user5', 3505423786, '0eeac8171768d0cdef3a20fee6db4362d019c91e10662a6b55186336e1a42778', 'Benkes bygg är en snickare fran Roslagen', 2, FALSE, 156, 26);
INSERT INTO snickare VALUES('user5@gmail.com');
INSERT INTO hantverkare VALUES('user6@gmail.com', 'user6', 7792314337, '5c4950c94a3461441c356afa783f76b83b38fd65f730f291403efbcc798acc1f', 'Benkes bygg är en snickare fran Roslagen', 2, FALSE, 8, 4);
INSERT INTO snickare VALUES('user6@gmail.com');
INSERT INTO hantverkare VALUES('user7@gmail.com', 'user7', 6071920954, '1526f5e0e31d42fe1c3664ce923ac22ac1333417a90b32043797ac454cd03112', 'Benkes bygg är en snickare fran Roslagen', 2, FALSE, 44, 22);
INSERT INTO snickare VALUES('user7@gmail.com');
INSERT INTO hantverkare VALUES('user8@gmail.com', 'user8', 4955984884, 'c8fea5b0b76dc690feaf5544749f99b40e78e2a37c0e867a086696509416302a', 'Benkes bygg är en snickare fran Roslagen', 2, FALSE, 21, 7);
INSERT INTO snickare VALUES('user8@gmail.com');
INSERT INTO hantverkare VALUES('user9@gmail.com', 'user9', 9441415629, '2d4589473fb3f4581d7452cd25182159d68d2a50056a0cce35a529b010e32f2b', 'Benkes bygg är en snickare fran Roslagen', 2, FALSE, 18, 9);
INSERT INTO snickare VALUES('user9@gmail.com');
INSERT INTO hantverkare VALUES('user10@gmail.com', 'user10', 7918930637, 'b35892cb8b089e03e4420b94df688122a2b76d4ad0f8b94ad20808bb029e48a5', 'Benkes bygg är en snickare fran Roslagen', 2, FALSE, 24, 12);
INSERT INTO snickare VALUES('user10@gmail.com');
INSERT INTO hantverkare VALUES('user11@gmail.com', 'user11', 5301922811, '8057f787ebd8b4f9d40f53d7fbbfcbdde7067c1a074435b68f525b3de0e2ac2b', 'Benkes bygg är en snickare fran Roslagen', 2, FALSE, 126, 21);
INSERT INTO snickare VALUES('user11@gmail.com');
INSERT INTO hantverkare VALUES('user12@gmail.com', 'user12', 6487331843, 'fdac810d0c09f25c5ddcee9976ab1f1ae1973dba7c65152d95b0937bc2a6c883', 'Benkes bygg är en snickare fran Roslagen', 2, FALSE, 0, 0);
INSERT INTO snickare VALUES('user12@gmail.com');
INSERT INTO hantverkare VALUES('user13@gmail.com', 'user13', 5180356204, '1e53de2a2b4ab888cc24002ef8832d433b21956ab83ddeef989c8224b5c8f9f2', 'Benkes bygg är en snickare fran Roslagen', 2, FALSE, 65, 13);
INSERT INTO snickare VALUES('user13@gmail.com');
INSERT INTO hantverkare VALUES('user14@gmail.com', 'user14', 3696463881, 'b78f24953963ac5ed773d6ec83120e3b1a65510201dc09ed2ed9e9781ba88870', 'Benkes bygg är en snickare fran Roslagen', 2, FALSE, 25, 25);
INSERT INTO snickare VALUES('user14@gmail.com');
INSERT INTO hantverkare VALUES('user15@gmail.com', 'user15', 6244739854, 'b5a4ec869015095060b1171791334513f741177c4011e2c5c36e3e37a5ff8e5f', 'Benkes bygg är en snickare fran Roslagen', 2, FALSE, 21, 21);
INSERT INTO snickare VALUES('user15@gmail.com');
INSERT INTO hantverkare VALUES('user16@gmail.com', 'user16', 9128908376, 'f0c28ba3fd9e0dcdcd0470acfcb98cc5a58d7d93422dbbefb930455ef714c87d', 'Benkes bygg är en snickare fran Roslagen', 2, FALSE, 174, 29);
INSERT INTO snickare VALUES('user16@gmail.com');
INSERT INTO hantverkare VALUES('user17@gmail.com', 'user17', 5129955503, '4a6b7fa040bcfc734a113fee84d3789c0a626d70d029afad0d1c3e7b6c562e14', 'Benkes bygg är en snickare fran Roslagen', 2, FALSE, 35, 7);
INSERT INTO snickare VALUES('user17@gmail.com');
INSERT INTO hantverkare VALUES('user18@gmail.com', 'user18', 3899700604, 'b99ddd77e59c96b13b64b3abe1902db4c0a76dabf8622aa6c71f8f5670be6625', 'Benkes bygg är en snickare fran Roslagen', 2, FALSE, 20, 10);
INSERT INTO snickare VALUES('user18@gmail.com');
INSERT INTO hantverkare VALUES('user19@gmail.com', 'user19', 4840996439, '871431053023291d24b403f1f9d761c6f01b3050a0a83cd9d9759a970f8d4d92', 'Benkes bygg är en snickare fran Roslagen', 2, FALSE, 0, 0);
INSERT INTO snickare VALUES('user19@gmail.com');
INSERT INTO hantverkare VALUES('user20@gmail.com', 'user20', 8106792658, '51d11024031a8951b4722671adfc8587538f5e5417206e7862e60752758a5c35', 'Benkes bygg är en snickare fran Roslagen', 2, FALSE, 80, 16);
INSERT INTO snickare VALUES('user20@gmail.com');
INSERT INTO hantverkare VALUES('user21@gmail.com', 'user21', 3794264822, '2d6b3bb57cb9e22fa36516172ef096b30ae00d08eedc1499c599b6269975521d', 'Benkes bygg är en snickare fran Roslagen', 2, FALSE, 2, 1);
INSERT INTO snickare VALUES('user21@gmail.com');
INSERT INTO hantverkare VALUES('user22@gmail.com', 'user22', 6047819468, 'd0f82756c4d40d20e1fdbc90cf4da4adff02fe23b355687525880514642f764e', 'Benkes bygg är en snickare fran Roslagen', 2, FALSE, 17, 17);
INSERT INTO snickare VALUES('user22@gmail.com');
INSERT INTO hantverkare VALUES('user23@gmail.com', 'user23', 2348141804, '8893186d24cce07e1c82f2e020d41177e699318b4be9535483fdf55edf58cd50', 'Benkes bygg är en snickare fran Roslagen', 2, FALSE, 116, 29);
INSERT INTO snickare VALUES('user23@gmail.com');
INSERT INTO hantverkare VALUES('user24@gmail.com', 'user24', 2443335825, 'cafdc894eacc597ad76db1a750ccb876d4ed69c73b7d3d23f5e3a9e3b5c9fc2e', 'Benkes bygg är en snickare fran Roslagen', 2, FALSE, 20, 10);
INSERT INTO snickare VALUES('user24@gmail.com');
INSERT INTO hantverkare VALUES('user25@gmail.com', 'user25', 7144260453, '0028e1c0d2c60966390545414567d33bca9f0165fece6d0109c59a3f29b5fdd0', 'Benkes bygg är en snickare fran Roslagen', 2, FALSE, 150, 30);
INSERT INTO snickare VALUES('user25@gmail.com');
INSERT INTO hantverkare VALUES('user26@gmail.com', 'user26', 4714561671, '45e17065ddc6fb3a682f7732df5804652952dbe1f5ca5377a661515a8fcf66be', 'Benkes bygg är en snickare fran Roslagen', 2, FALSE, 66, 22);
INSERT INTO snickare VALUES('user26@gmail.com');
INSERT INTO hantverkare VALUES('user27@gmail.com', 'user27', 2861375391, '43b3ec9ea3961a319d37b4cc775d3f43f68709b62a93db10dd6c598137f28732', 'Benkes bygg är en snickare fran Roslagen', 2, FALSE, 150, 25);
INSERT INTO snickare VALUES('user27@gmail.com');
INSERT INTO hantverkare VALUES('user28@gmail.com', 'user28', 6383194951, '034a0cdf079dfa3ca924e07e3c509bbf50768d1949b021c0ea0030cff80ba4d1', 'Benkes bygg är en snickare fran Roslagen', 2, FALSE, 56, 28);
INSERT INTO snickare VALUES('user28@gmail.com');
INSERT INTO hantverkare VALUES('user29@gmail.com', 'user29', 9027747125, '53f6f072e26d36b9e55d5dc828872856d5286f18ce3818d367f9e4473e464a66', 'Benkes bygg är en snickare fran Roslagen', 2, FALSE, 46, 23);
INSERT INTO snickare VALUES('user29@gmail.com');
INSERT INTO hantverkare VALUES('user30@gmail.com', 'user30', 2236260078, '85fcbe6bf830f23209ea6a932921e8da31a653a24a20cb84e75c4997e505690b', 'Benkes bygg är en snickare fran Roslagen', 2, FALSE, 27, 27);
INSERT INTO snickare VALUES('user30@gmail.com');
INSERT INTO hantverkare VALUES('user31@gmail.com', 'user31', 7789292717, '3b3ad733c8571384c133694595c33d96c638b36f08a484bd0ad38bf312fdb294', 'Benkes bygg är en snickare fran Roslagen', 2, FALSE, 29, 29);
INSERT INTO snickare VALUES('user31@gmail.com');
INSERT INTO hantverkare VALUES('user32@gmail.com', 'user32', 2754847372, '451a8149ebd58dbd064e3337c6de5d4f4bb08cd70bbbd48d62a205bd706b6bb0', 'Benkes bygg är en snickare fran Roslagen', 2, FALSE, 50, 10);
INSERT INTO snickare VALUES('user32@gmail.com');
INSERT INTO hantverkare VALUES('user33@gmail.com', 'user33', 7454407043, '0756810289814362efbea8bb826fea0a7bc4318a7f22a4b27b48290cd39951a3', 'Benkes bygg är en snickare fran Roslagen', 2, FALSE, 4, 2);
INSERT INTO snickare VALUES('user33@gmail.com');
INSERT INTO hantverkare VALUES('user34@gmail.com', 'user34', 5662776476, '94cd5db06baf087fd56c0042adc1deb162d271acfb8b3eb0277069517998d489', 'Benkes bygg är en snickare fran Roslagen', 2, FALSE, 56, 14);
INSERT INTO snickare VALUES('user34@gmail.com');
INSERT INTO hantverkare VALUES('user35@gmail.com', 'user35', 1371212215, '5a66c7ba1398dd71c92a77cc7647c4183e6bf97b227e441bb2674a319b184e63', 'Benkes bygg är en snickare fran Roslagen', 2, FALSE, 12, 6);
INSERT INTO snickare VALUES('user35@gmail.com');
INSERT INTO hantverkare VALUES('user36@gmail.com', 'user36', 7502343476, '133f8a05107e5442771c85da3dec70050ae5f3273849326b4a4e2ceaab2ef058', 'Benkes bygg är en snickare fran Roslagen', 2, FALSE, 16, 16);
INSERT INTO snickare VALUES('user36@gmail.com');
INSERT INTO hantverkare VALUES('user37@gmail.com', 'user37', 9647596150, '1a31ac086ebf1341c916929e6d982767cd8568887d7c930ba8abd062afa08eac', 'Benkes bygg är en snickare fran Roslagen', 2, FALSE, 90, 18);
INSERT INTO snickare VALUES('user37@gmail.com');
INSERT INTO hantverkare VALUES('user38@gmail.com', 'user38', 8212625782, 'b64171fda74426604480b9bf7c10ccdc2ebc80266c8667c42346f54ce87d4dec', 'Benkes bygg är en snickare fran Roslagen', 2, FALSE, 0, 0);
INSERT INTO snickare VALUES('user38@gmail.com');
INSERT INTO hantverkare VALUES('user39@gmail.com', 'user39', 6402091828, '099646084abbbc2c403c480bea87e7de23ce18db73a3e28251effef3ed49f1ea', 'Benkes bygg är en snickare fran Roslagen', 2, FALSE, 18, 18);
INSERT INTO snickare VALUES('user39@gmail.com');
INSERT INTO hantverkare VALUES('user40@gmail.com', 'user40', 1584529070, 'd88a53cd8ffe65ab18d2c62882479559aa781642ce7a8d340b22fc0a637b0359', 'Benkes bygg är en snickare fran Roslagen', 2, FALSE, 0, 0);
INSERT INTO snickare VALUES('user40@gmail.com');
INSERT INTO barber VALUES('user40@gmail.com');
INSERT INTO hantverkare VALUES('user41@gmail.com', 'user41', 5444528422, 'a8a5146b1f97c2c8987ccb3a87d2f30b8aa258c2a32cb96115bf381d42df875c', 'Benkes bygg är en snickare fran Roslagen', 2, FALSE, 84, 28);
INSERT INTO snickare VALUES('user41@gmail.com');
INSERT INTO barber VALUES('user41@gmail.com');
INSERT INTO hantverkare VALUES('user42@gmail.com', 'user42', 9337069714, 'de3543c757d459090b9adaf9a80a54d54724a0f1600d4c77d6017dde58cf1189', 'Benkes bygg är en snickare fran Roslagen', 2, FALSE, 112, 28);
INSERT INTO snickare VALUES('user42@gmail.com');
INSERT INTO barber VALUES('user42@gmail.com');
INSERT INTO hantverkare VALUES('user43@gmail.com', 'user43', 2541638731, 'db9aa0719dbf5cac40e44b268042014e9bc28b4134df9051a35f8c64f6603b6f', 'Benkes bygg är en snickare fran Roslagen', 2, FALSE, 120, 24);
INSERT INTO snickare VALUES('user43@gmail.com');
INSERT INTO barber VALUES('user43@gmail.com');
INSERT INTO hantverkare VALUES('user44@gmail.com', 'user44', 5784953740, '147eb7dd0f4c59120be8adb20f9dc4d4a0ccb27a0d48d7546dfa171dd980f075', 'Benkes bygg är en snickare fran Roslagen', 2, FALSE, 115, 23);
INSERT INTO snickare VALUES('user44@gmail.com');
INSERT INTO barber VALUES('user44@gmail.com');
INSERT INTO hantverkare VALUES('user45@gmail.com', 'user45', 1898691905, '64bf83fcf172a284e3db6b4cc76bb175184ee9dd57e77f0421e3e401ea3858e0', 'Benkes bygg är en snickare fran Roslagen', 2, FALSE, 20, 4);
INSERT INTO snickare VALUES('user45@gmail.com');
INSERT INTO barber VALUES('user45@gmail.com');
INSERT INTO hantverkare VALUES('user46@gmail.com', 'user46', 1724517078, '3f1b954c84d8216e09ae793664571dedb1e1bcc9a2bfdc2b6dc58db9a24fa7de', 'Benkes bygg är en snickare fran Roslagen', 2, FALSE, 114, 19);
INSERT INTO snickare VALUES('user46@gmail.com');
INSERT INTO barber VALUES('user46@gmail.com');
INSERT INTO hantverkare VALUES('user47@gmail.com', 'user47', 7963279603, 'dbb70b94b6b192a1085e8056872daa4eb24002d47c82e88b1323f1a5882567ba', 'Benkes bygg är en snickare fran Roslagen', 2, FALSE, 24, 6);
INSERT INTO snickare VALUES('user47@gmail.com');
INSERT INTO barber VALUES('user47@gmail.com');
INSERT INTO hantverkare VALUES('user48@gmail.com', 'user48', 3691462698, 'ffe4daf45af0e803fbe1fba2de5c7f7644f30b71ddb082100779d7884e0291c2', 'Benkes bygg är en snickare fran Roslagen', 2, FALSE, 40, 8);
INSERT INTO snickare VALUES('user48@gmail.com');
INSERT INTO barber VALUES('user48@gmail.com');
INSERT INTO arborist VALUES('user48@gmail.com');
INSERT INTO gardener VALUES('user48@gmail.com');
INSERT INTO hantverkare VALUES('user49@gmail.com', 'user49', 8921646977, 'a0c69ae7ad7629347d41a89d9a558b26bd9b126a3a183f3498444843acd7270d', 'Benkes bygg är en snickare fran Roslagen', 2, FALSE, 55, 11);
INSERT INTO snickare VALUES('user49@gmail.com');
INSERT INTO barber VALUES('user49@gmail.com');
INSERT INTO arborist VALUES('user49@gmail.com');
INSERT INTO gardener VALUES('user49@gmail.com');
INSERT INTO hantverkare VALUES('user50@gmail.com', 'user50', 3365477626, 'be46e03449534372e45f1abf511f78148625cf11d99f2f550e2f32b3a551dfb6', 'Benkes bygg är en snickare fran Roslagen', 2, FALSE, 54, 27);
INSERT INTO barber VALUES('user50@gmail.com');
INSERT INTO hantverkare VALUES('user51@gmail.com', 'user51', 1139331233, 'cc35e4b303c84633f2e64c1fe30a9c2f9e0f1dcdd53d1a748451b83164db475a', 'Benkes bygg är en snickare fran Roslagen', 2, FALSE, 34, 17);
INSERT INTO barber VALUES('user51@gmail.com');
INSERT INTO hantverkare VALUES('user52@gmail.com', 'user52', 7254652852, 'f511f615cd867553edd2fc66f4dc34441851f699cc1457f767c5ec0bad8cd250', 'Benkes bygg är en snickare fran Roslagen', 2, FALSE, 180, 30);
INSERT INTO barber VALUES('user52@gmail.com');
INSERT INTO hantverkare VALUES('user53@gmail.com', 'user53', 9221380414, 'f75b853a4521962ca5d349e4ca4cb69dce2dbfef61731cb9d14f1f2f1b6499fe', 'Benkes bygg är en snickare fran Roslagen', 2, FALSE, 4, 1);
INSERT INTO barber VALUES('user53@gmail.com');
INSERT INTO hantverkare VALUES('user54@gmail.com', 'user54', 9130338110, 'db383db8666c1c7f372e49b801a0405e0dd4193ab772163521b16e78879fa334', 'Benkes bygg är en snickare fran Roslagen', 2, FALSE, 162, 27);
INSERT INTO barber VALUES('user54@gmail.com');
INSERT INTO hantverkare VALUES('user55@gmail.com', 'user55', 1974081658, 'd6f7adababfd90706cc787591cdaf547f91d53abcb9008a180d90fc3d4f651e2', 'Benkes bygg är en snickare fran Roslagen', 2, FALSE, 29, 29);
INSERT INTO barber VALUES('user55@gmail.com');
INSERT INTO hantverkare VALUES('user56@gmail.com', 'user56', 2332879688, 'bacb5d03bee1af445b7cc73ba8db52a7fc01d474327c87899831ffe3b4c3543b', 'Benkes bygg är en snickare fran Roslagen', 2, FALSE, 92, 23);
INSERT INTO barber VALUES('user56@gmail.com');
INSERT INTO hantverkare VALUES('user57@gmail.com', 'user57', 7238218915, '3b356cdbaeb3d03a6b6f713a048489d62fd63b4a8fd0c70a976cb0b70c119e46', 'Benkes bygg är en snickare fran Roslagen', 2, FALSE, 140, 28);
INSERT INTO barber VALUES('user57@gmail.com');
INSERT INTO hantverkare VALUES('user58@gmail.com', 'user58', 3087161676, 'daa7c4bc3f1506b52b2bcc7864db9a96aee3ec1a8a68b29c5db60de1f8a6918b', 'Benkes bygg är en snickare fran Roslagen', 2, FALSE, 20, 20);
INSERT INTO barber VALUES('user58@gmail.com');
INSERT INTO hantverkare VALUES('user59@gmail.com', 'user59', 7095185146, 'e5e0e771c99778aef6f0046adb86a3d3e3ede2c68f43aae6b4ee9d498709328b', 'Benkes bygg är en snickare fran Roslagen', 2, FALSE, 5, 5);
INSERT INTO barber VALUES('user59@gmail.com');
INSERT INTO hantverkare VALUES('user60@gmail.com', 'user60', 4674029005, '598ed9422e3d9c328f48cafc2c66a66a3d393b64290f7741d60e6e22c03ca031', 'Benkes bygg är en snickare fran Roslagen', 2, FALSE, 0, 0);
INSERT INTO arborist VALUES('user60@gmail.com');
INSERT INTO hantverkare VALUES('user61@gmail.com', 'user61', 4808947211, 'da3df0f1c138cc7b9e79e218587a605e12b7a9b9ac24e1287da5ed056cf10c22', 'Benkes bygg är en snickare fran Roslagen', 2, FALSE, 24, 24);
INSERT INTO arborist VALUES('user61@gmail.com');
INSERT INTO hantverkare VALUES('user62@gmail.com', 'user62', 7128855186, '9b857dc1d1dc03b131bdb429b972f5f28c7d72b8466a22d54c359c48d19551fe', 'Benkes bygg är en snickare fran Roslagen', 2, FALSE, 39, 13);
INSERT INTO arborist VALUES('user62@gmail.com');
INSERT INTO hantverkare VALUES('user63@gmail.com', 'user63', 5544290526, '7e251ea07d59cd5fc9d7d1dc4225104e474b93d6c6881797dfbfa010774d4acb', 'Benkes bygg är en snickare fran Roslagen', 2, FALSE, 48, 16);
INSERT INTO arborist VALUES('user63@gmail.com');
INSERT INTO hantverkare VALUES('user64@gmail.com', 'user64', 5650947684, '51031e17ce0a58242bf97f01a2883d077c6dd21f22674ee500dbfb60228851e7', 'Benkes bygg är en snickare fran Roslagen', 2, FALSE, 162, 27);
INSERT INTO arborist VALUES('user64@gmail.com');
INSERT INTO hantverkare VALUES('user65@gmail.com', 'user65', 5387668629, '3c62426f46ebb414ff53540c6f1af32639c28b434126ae98b9f1651dd5e4fd4a', 'Benkes bygg är en snickare fran Roslagen', 2, FALSE, 22, 22);
INSERT INTO arborist VALUES('user65@gmail.com');
INSERT INTO hantverkare VALUES('user66@gmail.com', 'user66', 2833991799, '06599c96e52ff54f21e65cec89df4b96ce519704136d6f7246a56be613eed8fb', 'Benkes bygg är en snickare fran Roslagen', 2, FALSE, 28, 28);
INSERT INTO arborist VALUES('user66@gmail.com');
INSERT INTO hantverkare VALUES('user67@gmail.com', 'user67', 8740463632, '8a110e75a8142ab756babe02160548ed6c254ae3fd931b297aa4edba91065732', 'Benkes bygg är en snickare fran Roslagen', 2, FALSE, 60, 15);
INSERT INTO arborist VALUES('user67@gmail.com');
INSERT INTO hantverkare VALUES('user68@gmail.com', 'user68', 7036430729, '5a583fab00aa1c17acaad80b2b9b5a16a8563e7e66808bf4b4acbfb55d9b85d4', 'Benkes bygg är en snickare fran Roslagen', 2, FALSE, 9, 3);
INSERT INTO arborist VALUES('user68@gmail.com');
INSERT INTO hantverkare VALUES('user69@gmail.com', 'user69', 7341226581, '667d45d6d55c4fe6a7239bb554854e3b8fc0b392abea73864e91104bb1b4581d', 'Benkes bygg är en snickare fran Roslagen', 2, FALSE, 16, 4);
INSERT INTO arborist VALUES('user69@gmail.com');
INSERT INTO hantverkare VALUES('user70@gmail.com', 'user70', 3062586928, '44b6dadf9835ff29d5342da14dfaf76e3d828081a1704b131baa355f950e6047', 'Benkes bygg är en snickare fran Roslagen', 2, FALSE, 145, 29);
INSERT INTO gardener VALUES('user70@gmail.com');
INSERT INTO hantverkare VALUES('user71@gmail.com', 'user71', 9394590154, 'a06afaf373a81a1bcd1641fdd0f8b9c2c0d7104171abafbd80d11e933a9c6a13', 'Benkes bygg är en snickare fran Roslagen', 2, FALSE, 81, 27);
INSERT INTO gardener VALUES('user71@gmail.com');
INSERT INTO hantverkare VALUES('user72@gmail.com', 'user72', 3720216295, '79db1e22563af60be55a3717827926b76139d2428cbe693eba1643c2798e048d', 'Benkes bygg är en snickare fran Roslagen', 2, FALSE, 32, 16);
INSERT INTO gardener VALUES('user72@gmail.com');
INSERT INTO hantverkare VALUES('user73@gmail.com', 'user73', 6120127233, '25ac9b17f8113ceda4e3b18b639ac0c5821fa6cf61e31a4b2cafec4573b89522', 'Benkes bygg är en snickare fran Roslagen', 2, FALSE, 24, 6);
INSERT INTO gardener VALUES('user73@gmail.com');
INSERT INTO hantverkare VALUES('user74@gmail.com', 'user74', 9792967148, 'efacf97ed63d8d618e5c1f03e2fbd3656ed4c97ba04abf6db791534b425641c2', 'Benkes bygg är en snickare fran Roslagen', 2, FALSE, 52, 26);
INSERT INTO gardener VALUES('user74@gmail.com');
INSERT INTO hantverkare VALUES('user75@gmail.com', 'user75', 2453243288, 'aaa88f12093ddca8064cdb97bf7635d7cd82c94d264121133f79f24e9b645bf1', 'Benkes bygg är en snickare fran Roslagen', 2, FALSE, 42, 21);
INSERT INTO gardener VALUES('user75@gmail.com');
INSERT INTO hantverkare VALUES('user76@gmail.com', 'user76', 7186008337, '55e315face2c7bcfc4b1d43be3a863e3bbb565ad3dafe30a9dd45b51b190be9d', 'Benkes bygg är en snickare fran Roslagen', 2, FALSE, 66, 11);
INSERT INTO gardener VALUES('user76@gmail.com');
INSERT INTO hantverkare VALUES('user77@gmail.com', 'user77', 7477020838, '2590d18604c282ff195459db33d0ae2caab98b14d4cbfdfd4dc3ed4923bf31b8', 'Benkes bygg är en snickare fran Roslagen', 2, FALSE, 72, 24);
INSERT INTO gardener VALUES('user77@gmail.com');
INSERT INTO hantverkare VALUES('user78@gmail.com', 'user78', 5970654098, '70dfb731f9ecfb0c9015b28838281e2a3cde900a791c45532154ddb5a95ed31b', 'Benkes bygg är en snickare fran Roslagen', 2, FALSE, 64, 16);
INSERT INTO gardener VALUES('user78@gmail.com');
INSERT INTO hantverkare VALUES('user79@gmail.com', 'user79', 5241152276, 'f46c534ea1cb330122334be00303592a10bcbbc238d1b11e1b498d4486d13755', 'Benkes bygg är en snickare fran Roslagen', 2, FALSE, 80, 20);
INSERT INTO gardener VALUES('user79@gmail.com');
INSERT INTO hantverkare VALUES('user80@gmail.com', 'user80', 3948460005, 'a5276c24114971eceb4d5149894034741bcf22825b30c39942ff63007e031956', 'Benkes bygg är en snickare fran Roslagen', 2, FALSE, 120, 30);
INSERT INTO gardener VALUES('user80@gmail.com');
INSERT INTO hantverkare VALUES('user81@gmail.com', 'user81', 2169066430, '7137bc5132a11c4937a830c4f594a551b18d0764f66f8478de3db48377f2b611', 'Benkes bygg är en snickare fran Roslagen', 2, FALSE, 14, 14);
INSERT INTO gardener VALUES('user81@gmail.com');
INSERT INTO hantverkare VALUES('user82@gmail.com', 'user82', 2355878240, 'ca619acdadd8eb0f598c954031b5f359a2fbd4fe0179eb02acfeab2ad373c999', 'Benkes bygg är en snickare fran Roslagen', 2, FALSE, 76, 19);
INSERT INTO gardener VALUES('user82@gmail.com');
INSERT INTO hantverkare VALUES('user83@gmail.com', 'user83', 9535223482, 'dd76076f40644e9e57f7459bfc37b2ef8b7084bda5a3127c24a62c86dd45eb0b', 'Benkes bygg är en snickare fran Roslagen', 2, FALSE, 60, 20);
INSERT INTO gardener VALUES('user83@gmail.com');
INSERT INTO hantverkare VALUES('user84@gmail.com', 'user84', 1173737576, '11ee91bdbb90b967d18e45226bd3bc17d72a85a4486315b3568d070722445fe1', 'Benkes bygg är en snickare fran Roslagen', 2, FALSE, 0, 0);
INSERT INTO gardener VALUES('user84@gmail.com');
INSERT INTO hantverkare VALUES('user85@gmail.com', 'user85', 4541139957, 'cfecdf5846f8e8279f4dcf79a2135308e11c0d283175a2fb79b33b76f487cb24', 'Benkes bygg är en snickare fran Roslagen', 2, FALSE, 75, 15);
INSERT INTO gardener VALUES('user85@gmail.com');
INSERT INTO hantverkare VALUES('user86@gmail.com', 'user86', 5698511103, '3c0c8e2f0527574ed275f4fc831af606b283370490f9c39c7389fb5d16dd6ac8', 'Benkes bygg är en snickare fran Roslagen', 2, FALSE, 27, 9);
INSERT INTO gardener VALUES('user86@gmail.com');
INSERT INTO hantverkare VALUES('user87@gmail.com', 'user87', 1081203953, '4a2efe616f41f27f583d7e1e628a7b019f2b2603677ae0216d14559eefb83975', 'Benkes bygg är en snickare fran Roslagen', 2, FALSE, 60, 20);
INSERT INTO gardener VALUES('user87@gmail.com');
INSERT INTO hantverkare VALUES('user88@gmail.com', 'user88', 9958645451, '1d45a36925bcb8f729f8f06ee0ec689f440cc6b08c3a0573ed12e10104e1e9a0', 'Benkes bygg är en snickare fran Roslagen', 2, FALSE, 66, 22);
INSERT INTO gardener VALUES('user88@gmail.com');
INSERT INTO hantverkare VALUES('user89@gmail.com', 'user89', 2148461702, '9d57ee06aac896609727855add2cfc3d9c50cd545395974cdee219c91e29fd25', 'Benkes bygg är en snickare fran Roslagen', 2, FALSE, 34, 17);
INSERT INTO gardener VALUES('user89@gmail.com');
INSERT INTO hantverkare VALUES('user90@gmail.com', 'user90', 1787340345, 'a4273f882cab7a89e7fa8e5a1298799b62233ada8a93f880f58bbd87db44d6a3', 'Benkes bygg är en snickare fran Roslagen', 2, FALSE, 80, 20);
INSERT INTO snickare VALUES('user90@gmail.com');
INSERT INTO barber VALUES('user90@gmail.com');
INSERT INTO gardener VALUES('user90@gmail.com');
INSERT INTO hantverkare VALUES('user91@gmail.com', 'user91', 6327814549, '7f6ceca338f7fe1bb409870c95cbf5009115df953af77a91ef912a11cf6423c7', 'Benkes bygg är en snickare fran Roslagen', 2, FALSE, 125, 25);
INSERT INTO snickare VALUES('user91@gmail.com');
INSERT INTO barber VALUES('user91@gmail.com');
INSERT INTO gardener VALUES('user91@gmail.com');
INSERT INTO hantverkare VALUES('user92@gmail.com', 'user92', 2119491942, '905026a6ddab21a9d1dca17cc4f47b843eccd1c4806f7f3c59b88cdac12e339f', 'Benkes bygg är en snickare fran Roslagen', 2, FALSE, 10, 10);
INSERT INTO snickare VALUES('user92@gmail.com');
INSERT INTO barber VALUES('user92@gmail.com');
INSERT INTO gardener VALUES('user92@gmail.com');
INSERT INTO hantverkare VALUES('user93@gmail.com', 'user93', 2904001148, '3dcc4d43a91ae471be9fb0dfb7e7a44dcbaf8125b389d65d38604ec5582825ec', 'Benkes bygg är en snickare fran Roslagen', 2, FALSE, 36, 12);
INSERT INTO snickare VALUES('user93@gmail.com');
INSERT INTO barber VALUES('user93@gmail.com');
INSERT INTO gardener VALUES('user93@gmail.com');
INSERT INTO hantverkare VALUES('user94@gmail.com', 'user94', 5079737588, '3fdd6e2fcae488c7c7818992ad08249cd0f6576f6ff846bcecaa816e002cde3c', 'Benkes bygg är en snickare fran Roslagen', 2, FALSE, 78, 26);
INSERT INTO snickare VALUES('user94@gmail.com');
INSERT INTO barber VALUES('user94@gmail.com');
INSERT INTO gardener VALUES('user94@gmail.com');
INSERT INTO hantverkare VALUES('user95@gmail.com', 'user95', 1958844122, 'b3f20ff60a6e1eda26f8c412e7173c7ee7f5b3a1124b87a38d3deb63274c1a61', 'Benkes bygg är en snickare fran Roslagen', 2, FALSE, 108, 27);
INSERT INTO snickare VALUES('user95@gmail.com');
INSERT INTO barber VALUES('user95@gmail.com');
INSERT INTO gardener VALUES('user95@gmail.com');
INSERT INTO hantverkare VALUES('user96@gmail.com', 'user96', 9339755224, '38ee64c8e2536e41e2543266f6a5216747b24c8b8ada7d5f7cfba8b1e80752fb', 'Benkes bygg är en snickare fran Roslagen', 2, FALSE, 90, 18);
INSERT INTO snickare VALUES('user96@gmail.com');
INSERT INTO barber VALUES('user96@gmail.com');
INSERT INTO gardener VALUES('user96@gmail.com');
INSERT INTO hantverkare VALUES('user97@gmail.com', 'user97', 3305217442, '7f5106053c87018f57187a0a485dedacb2ef37f08f05ab2313f23217a9ee928b', 'Benkes bygg är en snickare fran Roslagen', 2, FALSE, 114, 19);
INSERT INTO snickare VALUES('user97@gmail.com');
INSERT INTO barber VALUES('user97@gmail.com');
INSERT INTO gardener VALUES('user97@gmail.com');
INSERT INTO hantverkare VALUES('user98@gmail.com', 'user98', 6761545574, '125e175312b42ca54475207f1ad47df9ac421dd758fcc5c2ab19ae31e451cc53', 'Benkes bygg är en snickare fran Roslagen', 2, FALSE, 8, 4);
INSERT INTO snickare VALUES('user98@gmail.com');
INSERT INTO barber VALUES('user98@gmail.com');
INSERT INTO gardener VALUES('user98@gmail.com');
INSERT INTO hantverkare VALUES('user99@gmail.com', 'user99', 5709869676, 'ab2f50fe825bc3a9a8b649f173af23be3a052db9b410fcb0127e50ae9c356ba7', 'Benkes bygg är en snickare fran Roslagen', 2, FALSE, 18, 6);
INSERT INTO snickare VALUES('user99@gmail.com');
INSERT INTO barber VALUES('user99@gmail.com');
INSERT INTO gardener VALUES('user99@gmail.com');
INSERT INTO operatingRegion VALUES('user0@gmail.com', 'Danderyds');
INSERT INTO operatingRegion VALUES('user0@gmail.com', 'Laxå');
INSERT INTO operatingRegion VALUES('user0@gmail.com', 'Ydre');
INSERT INTO operatingRegion VALUES('user0@gmail.com', 'Ödeshögs');
INSERT INTO operatingRegion VALUES('user1@gmail.com', 'Markaryds');
INSERT INTO operatingRegion VALUES('user1@gmail.com', 'Vårgårda');
INSERT INTO operatingRegion VALUES('user1@gmail.com', 'Tomelilla');
INSERT INTO operatingRegion VALUES('user1@gmail.com', 'Borlänge');
INSERT INTO operatingRegion VALUES('user2@gmail.com', 'Malmö');
INSERT INTO operatingRegion VALUES('user2@gmail.com', 'Hällefors');
INSERT INTO operatingRegion VALUES('user2@gmail.com', 'Landskrona');
INSERT INTO operatingRegion VALUES('user2@gmail.com', 'Tingsryds');
INSERT INTO operatingRegion VALUES('user3@gmail.com', 'Boxholms');
INSERT INTO operatingRegion VALUES('user3@gmail.com', 'Älmhults');
INSERT INTO operatingRegion VALUES('user3@gmail.com', 'Hörby');
INSERT INTO operatingRegion VALUES('user3@gmail.com', 'Rättviks');
INSERT INTO operatingRegion VALUES('user4@gmail.com', 'Valdemarsviks');
INSERT INTO operatingRegion VALUES('user4@gmail.com', 'Mölndals');
INSERT INTO operatingRegion VALUES('user4@gmail.com', 'Säffle');
INSERT INTO operatingRegion VALUES('user4@gmail.com', 'Västerviks');
INSERT INTO operatingRegion VALUES('user5@gmail.com', 'Osby');
INSERT INTO operatingRegion VALUES('user5@gmail.com', 'Falu');
INSERT INTO operatingRegion VALUES('user5@gmail.com', 'Tanums');
INSERT INTO operatingRegion VALUES('user5@gmail.com', 'Värnamo');
INSERT INTO operatingRegion VALUES('user6@gmail.com', 'Nässjö');
INSERT INTO operatingRegion VALUES('user6@gmail.com', 'Marks');
INSERT INTO operatingRegion VALUES('user6@gmail.com', 'Bodens');
INSERT INTO operatingRegion VALUES('user6@gmail.com', 'Kungsörs');
INSERT INTO operatingRegion VALUES('user7@gmail.com', 'Norbergs');
INSERT INTO operatingRegion VALUES('user7@gmail.com', 'Nora');
INSERT INTO operatingRegion VALUES('user7@gmail.com', 'Fagersta');
INSERT INTO operatingRegion VALUES('user7@gmail.com', 'Mönsterås');
INSERT INTO operatingRegion VALUES('user8@gmail.com', 'Karlstads');
INSERT INTO operatingRegion VALUES('user8@gmail.com', 'Kramfors');
INSERT INTO operatingRegion VALUES('user8@gmail.com', 'Hagfors');
INSERT INTO operatingRegion VALUES('user8@gmail.com', 'Robertsfors');
INSERT INTO operatingRegion VALUES('user9@gmail.com', 'Kungsbacka');
INSERT INTO operatingRegion VALUES('user9@gmail.com', 'Sotenäs');
INSERT INTO operatingRegion VALUES('user9@gmail.com', 'Botkyrka');
INSERT INTO operatingRegion VALUES('user9@gmail.com', 'Ljusnarsbergs');
INSERT INTO operatingRegion VALUES('user10@gmail.com', 'Vetlanda');
INSERT INTO operatingRegion VALUES('user10@gmail.com', 'Ödeshögs');
INSERT INTO operatingRegion VALUES('user10@gmail.com', 'Lomma');
INSERT INTO operatingRegion VALUES('user10@gmail.com', 'Hylte');
INSERT INTO operatingRegion VALUES('user11@gmail.com', 'Hedemora');
INSERT INTO operatingRegion VALUES('user11@gmail.com', 'Lycksele');
INSERT INTO operatingRegion VALUES('user11@gmail.com', 'Nora');
INSERT INTO operatingRegion VALUES('user11@gmail.com', 'Finspångs');
INSERT INTO operatingRegion VALUES('user12@gmail.com', 'Tidaholms');
INSERT INTO operatingRegion VALUES('user12@gmail.com', 'Malmö');
INSERT INTO operatingRegion VALUES('user12@gmail.com', 'Luleå');
INSERT INTO operatingRegion VALUES('user12@gmail.com', 'Hedemora');
INSERT INTO operatingRegion VALUES('user13@gmail.com', 'Botkyrka');
INSERT INTO operatingRegion VALUES('user13@gmail.com', 'Melleruds');
INSERT INTO operatingRegion VALUES('user13@gmail.com', 'Växjö');
INSERT INTO operatingRegion VALUES('user13@gmail.com', 'Köpings');
INSERT INTO operatingRegion VALUES('user14@gmail.com', 'Älmhults');
INSERT INTO operatingRegion VALUES('user14@gmail.com', 'Ljungby');
INSERT INTO operatingRegion VALUES('user14@gmail.com', 'Klippans');
INSERT INTO operatingRegion VALUES('user14@gmail.com', 'Bromölla');
INSERT INTO operatingRegion VALUES('user15@gmail.com', 'Hudiksvalls');
INSERT INTO operatingRegion VALUES('user15@gmail.com', 'Skurups');
INSERT INTO operatingRegion VALUES('user15@gmail.com', 'Kinda');
INSERT INTO operatingRegion VALUES('user15@gmail.com', 'Kalix');
INSERT INTO operatingRegion VALUES('user16@gmail.com', 'Österåkers');
INSERT INTO operatingRegion VALUES('user16@gmail.com', 'Trelleborgs');
INSERT INTO operatingRegion VALUES('user16@gmail.com', 'Håbo');
INSERT INTO operatingRegion VALUES('user16@gmail.com', 'Arvidsjaurs');
INSERT INTO operatingRegion VALUES('user17@gmail.com', 'Sotenäs');
INSERT INTO operatingRegion VALUES('user17@gmail.com', 'Vadstena');
INSERT INTO operatingRegion VALUES('user17@gmail.com', 'Ludvika');
INSERT INTO operatingRegion VALUES('user17@gmail.com', 'Gnosjö');
INSERT INTO operatingRegion VALUES('user18@gmail.com', 'Älvdalens');
INSERT INTO operatingRegion VALUES('user18@gmail.com', 'Eslövs');
INSERT INTO operatingRegion VALUES('user18@gmail.com', 'Uddevalla');
INSERT INTO operatingRegion VALUES('user18@gmail.com', 'Östersunds');
INSERT INTO operatingRegion VALUES('user19@gmail.com', 'Uddevalla');
INSERT INTO operatingRegion VALUES('user19@gmail.com', 'Göteborgs');
INSERT INTO operatingRegion VALUES('user19@gmail.com', 'Bjuvs');
INSERT INTO operatingRegion VALUES('user19@gmail.com', 'Gullspångs');
INSERT INTO operatingRegion VALUES('user20@gmail.com', 'Karlskrona');
INSERT INTO operatingRegion VALUES('user20@gmail.com', 'Valdemarsviks');
INSERT INTO operatingRegion VALUES('user20@gmail.com', 'Laholms');
INSERT INTO operatingRegion VALUES('user20@gmail.com', 'Lerums');
INSERT INTO operatingRegion VALUES('user21@gmail.com', 'Munkfors');
INSERT INTO operatingRegion VALUES('user21@gmail.com', 'Eslövs');
INSERT INTO operatingRegion VALUES('user21@gmail.com', 'Härjedalens');
INSERT INTO operatingRegion VALUES('user21@gmail.com', 'Mullsjö');
INSERT INTO operatingRegion VALUES('user22@gmail.com', 'Bromölla');
INSERT INTO operatingRegion VALUES('user22@gmail.com', 'Älvkarleby');
INSERT INTO operatingRegion VALUES('user22@gmail.com', 'Mariestads');
INSERT INTO operatingRegion VALUES('user22@gmail.com', 'Salems');
INSERT INTO operatingRegion VALUES('user23@gmail.com', 'Sjöbo');
INSERT INTO operatingRegion VALUES('user23@gmail.com', 'Svalövs');
INSERT INTO operatingRegion VALUES('user23@gmail.com', 'Linköpings');
INSERT INTO operatingRegion VALUES('user23@gmail.com', 'Arvika');
INSERT INTO operatingRegion VALUES('user24@gmail.com', 'Järfälla');
INSERT INTO operatingRegion VALUES('user24@gmail.com', 'Halmstads');
INSERT INTO operatingRegion VALUES('user24@gmail.com', 'Malung-Sälens');
INSERT INTO operatingRegion VALUES('user24@gmail.com', 'Ystads');
INSERT INTO operatingRegion VALUES('user25@gmail.com', 'Markaryds');
INSERT INTO operatingRegion VALUES('user25@gmail.com', 'Örebro');
INSERT INTO operatingRegion VALUES('user25@gmail.com', 'Vara');
INSERT INTO operatingRegion VALUES('user25@gmail.com', 'Klippans');
INSERT INTO operatingRegion VALUES('user26@gmail.com', 'Vimmerby');
INSERT INTO operatingRegion VALUES('user26@gmail.com', 'Åtvidabergs');
INSERT INTO operatingRegion VALUES('user26@gmail.com', 'Katrineholms');
INSERT INTO operatingRegion VALUES('user26@gmail.com', 'Arboga');
INSERT INTO operatingRegion VALUES('user27@gmail.com', 'Södertälje');
INSERT INTO operatingRegion VALUES('user27@gmail.com', 'Järfälla');
INSERT INTO operatingRegion VALUES('user27@gmail.com', 'Ockelbo');
INSERT INTO operatingRegion VALUES('user27@gmail.com', 'Vallentuna');
INSERT INTO operatingRegion VALUES('user28@gmail.com', 'Svalövs');
INSERT INTO operatingRegion VALUES('user28@gmail.com', 'Surahammars');
INSERT INTO operatingRegion VALUES('user28@gmail.com', 'Ängelholms');
INSERT INTO operatingRegion VALUES('user28@gmail.com', 'Knivsta');
INSERT INTO operatingRegion VALUES('user29@gmail.com', 'Tranås');
INSERT INTO operatingRegion VALUES('user29@gmail.com', 'Östersunds');
INSERT INTO operatingRegion VALUES('user29@gmail.com', 'Storfors');
INSERT INTO operatingRegion VALUES('user29@gmail.com', 'Skurups');
INSERT INTO operatingRegion VALUES('user30@gmail.com', 'Uppvidinge');
INSERT INTO operatingRegion VALUES('user30@gmail.com', 'Vingåkers');
INSERT INTO operatingRegion VALUES('user30@gmail.com', 'Vallentuna');
INSERT INTO operatingRegion VALUES('user30@gmail.com', 'Åmåls');
INSERT INTO operatingRegion VALUES('user31@gmail.com', 'Vännäs');
INSERT INTO operatingRegion VALUES('user31@gmail.com', 'Landskrona');
INSERT INTO operatingRegion VALUES('user31@gmail.com', 'Lilla Edets');
INSERT INTO operatingRegion VALUES('user31@gmail.com', 'Ödeshögs');
INSERT INTO operatingRegion VALUES('user32@gmail.com', 'Örkelljunga');
INSERT INTO operatingRegion VALUES('user32@gmail.com', 'Ale');
INSERT INTO operatingRegion VALUES('user32@gmail.com', 'Storfors');
INSERT INTO operatingRegion VALUES('user32@gmail.com', 'Nässjö');
INSERT INTO operatingRegion VALUES('user33@gmail.com', 'Lessebo');
INSERT INTO operatingRegion VALUES('user33@gmail.com', 'Ljusnarsbergs');
INSERT INTO operatingRegion VALUES('user33@gmail.com', 'Eda');
INSERT INTO operatingRegion VALUES('user33@gmail.com', 'Varbergs');
INSERT INTO operatingRegion VALUES('user34@gmail.com', 'Tjörns');
INSERT INTO operatingRegion VALUES('user34@gmail.com', 'Smedjebackens');
INSERT INTO operatingRegion VALUES('user34@gmail.com', 'Bengtsfors');
INSERT INTO operatingRegion VALUES('user34@gmail.com', 'Lidköpings');
INSERT INTO operatingRegion VALUES('user35@gmail.com', 'Ludvika');
INSERT INTO operatingRegion VALUES('user35@gmail.com', 'Kävlinge');
INSERT INTO operatingRegion VALUES('user35@gmail.com', 'Timrå');
INSERT INTO operatingRegion VALUES('user35@gmail.com', 'Borlänge');
INSERT INTO operatingRegion VALUES('user36@gmail.com', 'Eskilstuna');
INSERT INTO operatingRegion VALUES('user36@gmail.com', 'Säffle');
INSERT INTO operatingRegion VALUES('user36@gmail.com', 'Hjo');
INSERT INTO operatingRegion VALUES('user36@gmail.com', 'Lilla Edets');
INSERT INTO operatingRegion VALUES('user37@gmail.com', 'Vilhelmina');
INSERT INTO operatingRegion VALUES('user37@gmail.com', 'Bollebygds');
INSERT INTO operatingRegion VALUES('user37@gmail.com', 'Finspångs');
INSERT INTO operatingRegion VALUES('user37@gmail.com', 'Östersunds');
INSERT INTO operatingRegion VALUES('user38@gmail.com', 'Eskilstuna');
INSERT INTO operatingRegion VALUES('user38@gmail.com', 'Sollentuna');
INSERT INTO operatingRegion VALUES('user38@gmail.com', 'Södertälje');
INSERT INTO operatingRegion VALUES('user38@gmail.com', 'Kalix');
INSERT INTO operatingRegion VALUES('user39@gmail.com', 'Skurups');
INSERT INTO operatingRegion VALUES('user39@gmail.com', 'Örkelljunga');
INSERT INTO operatingRegion VALUES('user39@gmail.com', 'Sotenäs');
INSERT INTO operatingRegion VALUES('user39@gmail.com', 'Höganäs');
INSERT INTO operatingRegion VALUES('user40@gmail.com', 'Munkfors');
INSERT INTO operatingRegion VALUES('user40@gmail.com', 'Ånge');
INSERT INTO operatingRegion VALUES('user40@gmail.com', 'Nykvarns');
INSERT INTO operatingRegion VALUES('user40@gmail.com', 'Bjurholms');
INSERT INTO operatingRegion VALUES('user41@gmail.com', 'Ljusnarsbergs');
INSERT INTO operatingRegion VALUES('user41@gmail.com', 'Tranås');
INSERT INTO operatingRegion VALUES('user41@gmail.com', 'Lycksele');
INSERT INTO operatingRegion VALUES('user41@gmail.com', 'Sotenäs');
INSERT INTO operatingRegion VALUES('user42@gmail.com', 'Hagfors');
INSERT INTO operatingRegion VALUES('user42@gmail.com', 'Torsås');
INSERT INTO operatingRegion VALUES('user42@gmail.com', 'Töreboda');
INSERT INTO operatingRegion VALUES('user42@gmail.com', 'Heby');
INSERT INTO operatingRegion VALUES('user43@gmail.com', 'Solna');
INSERT INTO operatingRegion VALUES('user43@gmail.com', 'Göteborgs');
INSERT INTO operatingRegion VALUES('user43@gmail.com', 'Norbergs');
INSERT INTO operatingRegion VALUES('user43@gmail.com', 'Upplands Väsby');
INSERT INTO operatingRegion VALUES('user44@gmail.com', 'Kils');
INSERT INTO operatingRegion VALUES('user44@gmail.com', 'Hedemora');
INSERT INTO operatingRegion VALUES('user44@gmail.com', 'Värnamo');
INSERT INTO operatingRegion VALUES('user44@gmail.com', 'Ånge');
INSERT INTO operatingRegion VALUES('user45@gmail.com', 'Olofströms');
INSERT INTO operatingRegion VALUES('user45@gmail.com', 'Nykvarns');
INSERT INTO operatingRegion VALUES('user45@gmail.com', 'Åstorps');
INSERT INTO operatingRegion VALUES('user45@gmail.com', 'Ljusdals');
INSERT INTO operatingRegion VALUES('user46@gmail.com', 'Borås');
INSERT INTO operatingRegion VALUES('user46@gmail.com', 'Gotlands');
INSERT INTO operatingRegion VALUES('user46@gmail.com', 'Alvesta');
INSERT INTO operatingRegion VALUES('user46@gmail.com', 'Vara');
INSERT INTO operatingRegion VALUES('user47@gmail.com', 'Kalmar');
INSERT INTO operatingRegion VALUES('user47@gmail.com', 'Kalix');
INSERT INTO operatingRegion VALUES('user47@gmail.com', 'Ockelbo');
INSERT INTO operatingRegion VALUES('user47@gmail.com', 'Vadstena');
INSERT INTO operatingRegion VALUES('user48@gmail.com', 'Ockelbo');
INSERT INTO operatingRegion VALUES('user48@gmail.com', 'Nynäshamns');
INSERT INTO operatingRegion VALUES('user48@gmail.com', 'Partille');
INSERT INTO operatingRegion VALUES('user48@gmail.com', 'Halmstads');
INSERT INTO operatingRegion VALUES('user49@gmail.com', 'Vallentuna');
INSERT INTO operatingRegion VALUES('user49@gmail.com', 'Härryda');
INSERT INTO operatingRegion VALUES('user49@gmail.com', 'Örnsköldsviks');
INSERT INTO operatingRegion VALUES('user49@gmail.com', 'Hultsfreds');
INSERT INTO operatingRegion VALUES('user50@gmail.com', 'Orsa');
INSERT INTO operatingRegion VALUES('user50@gmail.com', 'Degerfors');
INSERT INTO operatingRegion VALUES('user50@gmail.com', 'Helsingborgs');
INSERT INTO operatingRegion VALUES('user50@gmail.com', 'Svalövs');
INSERT INTO operatingRegion VALUES('user51@gmail.com', 'Grums');
INSERT INTO operatingRegion VALUES('user51@gmail.com', 'Sölvesborgs');
INSERT INTO operatingRegion VALUES('user51@gmail.com', 'Älvkarleby');
INSERT INTO operatingRegion VALUES('user51@gmail.com', 'Botkyrka');
INSERT INTO operatingRegion VALUES('user52@gmail.com', 'Kävlinge');
INSERT INTO operatingRegion VALUES('user52@gmail.com', 'Eda');
INSERT INTO operatingRegion VALUES('user52@gmail.com', 'Åstorps');
INSERT INTO operatingRegion VALUES('user52@gmail.com', 'Ulricehamns');
INSERT INTO operatingRegion VALUES('user53@gmail.com', 'Oskarshamns');
INSERT INTO operatingRegion VALUES('user53@gmail.com', 'Mölndals');
INSERT INTO operatingRegion VALUES('user53@gmail.com', 'Tingsryds');
INSERT INTO operatingRegion VALUES('user53@gmail.com', 'Laxå');
INSERT INTO operatingRegion VALUES('user54@gmail.com', 'Värnamo');
INSERT INTO operatingRegion VALUES('user54@gmail.com', 'Ystads');
INSERT INTO operatingRegion VALUES('user54@gmail.com', 'Ljusdals');
INSERT INTO operatingRegion VALUES('user54@gmail.com', 'Strängnäs');
INSERT INTO operatingRegion VALUES('user55@gmail.com', 'Orsa');
INSERT INTO operatingRegion VALUES('user55@gmail.com', 'Sorsele');
INSERT INTO operatingRegion VALUES('user55@gmail.com', 'Åtvidabergs');
INSERT INTO operatingRegion VALUES('user55@gmail.com', 'Laholms');
INSERT INTO operatingRegion VALUES('user56@gmail.com', 'Ydre');
INSERT INTO operatingRegion VALUES('user56@gmail.com', 'Lunds');
INSERT INTO operatingRegion VALUES('user56@gmail.com', 'Robertsfors');
INSERT INTO operatingRegion VALUES('user56@gmail.com', 'Trollhättans');
INSERT INTO operatingRegion VALUES('user57@gmail.com', 'Älvdalens');
INSERT INTO operatingRegion VALUES('user57@gmail.com', 'Hjo');
INSERT INTO operatingRegion VALUES('user57@gmail.com', 'Höörs');
INSERT INTO operatingRegion VALUES('user57@gmail.com', 'Landskrona');
INSERT INTO operatingRegion VALUES('user58@gmail.com', 'Österåkers');
INSERT INTO operatingRegion VALUES('user58@gmail.com', 'Leksands');
INSERT INTO operatingRegion VALUES('user58@gmail.com', 'Östersunds');
INSERT INTO operatingRegion VALUES('user58@gmail.com', 'Hallsbergs');
INSERT INTO operatingRegion VALUES('user59@gmail.com', 'Torsås');
INSERT INTO operatingRegion VALUES('user59@gmail.com', 'Essunga');
INSERT INTO operatingRegion VALUES('user59@gmail.com', 'Oxelösunds');
INSERT INTO operatingRegion VALUES('user59@gmail.com', 'Katrineholms');
INSERT INTO operatingRegion VALUES('user60@gmail.com', 'Helsingborgs');
INSERT INTO operatingRegion VALUES('user60@gmail.com', 'Nykvarns');
INSERT INTO operatingRegion VALUES('user60@gmail.com', 'Nässjö');
INSERT INTO operatingRegion VALUES('user60@gmail.com', 'Ödeshögs');
INSERT INTO operatingRegion VALUES('user61@gmail.com', 'Piteå');
INSERT INTO operatingRegion VALUES('user61@gmail.com', 'Ale');
INSERT INTO operatingRegion VALUES('user61@gmail.com', 'Upplands-Bro');
INSERT INTO operatingRegion VALUES('user61@gmail.com', 'Ockelbo');
INSERT INTO operatingRegion VALUES('user62@gmail.com', 'Strängnäs');
INSERT INTO operatingRegion VALUES('user62@gmail.com', 'Pajala');
INSERT INTO operatingRegion VALUES('user62@gmail.com', 'Falköpings');
INSERT INTO operatingRegion VALUES('user62@gmail.com', 'Vadstena');
INSERT INTO operatingRegion VALUES('user63@gmail.com', 'Landskrona');
INSERT INTO operatingRegion VALUES('user63@gmail.com', 'Vimmerby');
INSERT INTO operatingRegion VALUES('user63@gmail.com', 'Haninge');
INSERT INTO operatingRegion VALUES('user63@gmail.com', 'Stenungsunds');
INSERT INTO operatingRegion VALUES('user64@gmail.com', 'Nordmalings');
INSERT INTO operatingRegion VALUES('user64@gmail.com', 'Danderyds');
INSERT INTO operatingRegion VALUES('user64@gmail.com', 'Tibro');
INSERT INTO operatingRegion VALUES('user64@gmail.com', 'Storumans');
INSERT INTO operatingRegion VALUES('user65@gmail.com', 'Nyköpings');
INSERT INTO operatingRegion VALUES('user65@gmail.com', 'Mölndals');
INSERT INTO operatingRegion VALUES('user65@gmail.com', 'Olofströms');
INSERT INTO operatingRegion VALUES('user65@gmail.com', 'Dorotea');
INSERT INTO operatingRegion VALUES('user66@gmail.com', 'Bromölla');
INSERT INTO operatingRegion VALUES('user66@gmail.com', 'Trelleborgs');
INSERT INTO operatingRegion VALUES('user66@gmail.com', 'Nordmalings');
INSERT INTO operatingRegion VALUES('user66@gmail.com', 'Uppsala');
INSERT INTO operatingRegion VALUES('user67@gmail.com', 'Sunne');
INSERT INTO operatingRegion VALUES('user67@gmail.com', 'Kiruna');
INSERT INTO operatingRegion VALUES('user67@gmail.com', 'Skellefteå');
INSERT INTO operatingRegion VALUES('user67@gmail.com', 'Linköpings');
INSERT INTO operatingRegion VALUES('user68@gmail.com', 'Ockelbo');
INSERT INTO operatingRegion VALUES('user68@gmail.com', 'Kiruna');
INSERT INTO operatingRegion VALUES('user68@gmail.com', 'Knivsta');
INSERT INTO operatingRegion VALUES('user68@gmail.com', 'Uppsala');
INSERT INTO operatingRegion VALUES('user69@gmail.com', 'Kumla');
INSERT INTO operatingRegion VALUES('user69@gmail.com', 'Sotenäs');
INSERT INTO operatingRegion VALUES('user69@gmail.com', 'Södertälje');
INSERT INTO operatingRegion VALUES('user69@gmail.com', 'Åtvidabergs');
INSERT INTO operatingRegion VALUES('user70@gmail.com', 'Lerums');
INSERT INTO operatingRegion VALUES('user70@gmail.com', 'Grästorps');
INSERT INTO operatingRegion VALUES('user70@gmail.com', 'Karlskoga');
INSERT INTO operatingRegion VALUES('user70@gmail.com', 'Flens');
INSERT INTO operatingRegion VALUES('user71@gmail.com', 'Tranemo');
INSERT INTO operatingRegion VALUES('user71@gmail.com', 'Strömstads');
INSERT INTO operatingRegion VALUES('user71@gmail.com', 'Kungälvs');
INSERT INTO operatingRegion VALUES('user71@gmail.com', 'Nordmalings');
INSERT INTO operatingRegion VALUES('user72@gmail.com', 'Bromölla');
INSERT INTO operatingRegion VALUES('user72@gmail.com', 'Lidingö');
INSERT INTO operatingRegion VALUES('user72@gmail.com', 'Hofors');
INSERT INTO operatingRegion VALUES('user72@gmail.com', 'Dals-Eds');
INSERT INTO operatingRegion VALUES('user73@gmail.com', 'Trelleborgs');
INSERT INTO operatingRegion VALUES('user73@gmail.com', 'Hörby');
INSERT INTO operatingRegion VALUES('user73@gmail.com', 'Skinnskattebergs');
INSERT INTO operatingRegion VALUES('user73@gmail.com', 'Kalix');
INSERT INTO operatingRegion VALUES('user74@gmail.com', 'Bodens');
INSERT INTO operatingRegion VALUES('user74@gmail.com', 'Staffanstorps');
INSERT INTO operatingRegion VALUES('user74@gmail.com', 'Gällivare');
INSERT INTO operatingRegion VALUES('user74@gmail.com', 'Älvsbyns');
INSERT INTO operatingRegion VALUES('user75@gmail.com', 'Ale');
INSERT INTO operatingRegion VALUES('user75@gmail.com', 'Kalix');
INSERT INTO operatingRegion VALUES('user75@gmail.com', 'Hallstahammars');
INSERT INTO operatingRegion VALUES('user75@gmail.com', 'Hammarö');
INSERT INTO operatingRegion VALUES('user76@gmail.com', 'Vänersborgs');
INSERT INTO operatingRegion VALUES('user76@gmail.com', 'Eskilstuna');
INSERT INTO operatingRegion VALUES('user76@gmail.com', 'Tierps');
INSERT INTO operatingRegion VALUES('user76@gmail.com', 'Lunds');
INSERT INTO operatingRegion VALUES('user77@gmail.com', 'Nybro');
INSERT INTO operatingRegion VALUES('user77@gmail.com', 'Sollentuna');
INSERT INTO operatingRegion VALUES('user77@gmail.com', 'Oxelösunds');
INSERT INTO operatingRegion VALUES('user77@gmail.com', 'Karlstads');
INSERT INTO operatingRegion VALUES('user78@gmail.com', 'Lycksele');
INSERT INTO operatingRegion VALUES('user78@gmail.com', 'Älvkarleby');
INSERT INTO operatingRegion VALUES('user78@gmail.com', 'Arvika');
INSERT INTO operatingRegion VALUES('user78@gmail.com', 'Skurups');
INSERT INTO operatingRegion VALUES('user79@gmail.com', 'Kils');
INSERT INTO operatingRegion VALUES('user79@gmail.com', 'Östersunds');
INSERT INTO operatingRegion VALUES('user79@gmail.com', 'Karlshamns');
INSERT INTO operatingRegion VALUES('user79@gmail.com', 'Haparanda');
INSERT INTO operatingRegion VALUES('user80@gmail.com', 'Ljungby');
INSERT INTO operatingRegion VALUES('user80@gmail.com', 'Orusts');
INSERT INTO operatingRegion VALUES('user80@gmail.com', 'Färgelanda');
INSERT INTO operatingRegion VALUES('user80@gmail.com', 'Åsele');
INSERT INTO operatingRegion VALUES('user81@gmail.com', 'Strömstads');
INSERT INTO operatingRegion VALUES('user81@gmail.com', 'Lilla Edets');
INSERT INTO operatingRegion VALUES('user81@gmail.com', 'Markaryds');
INSERT INTO operatingRegion VALUES('user81@gmail.com', 'Kalix');
INSERT INTO operatingRegion VALUES('user82@gmail.com', 'Grästorps');
INSERT INTO operatingRegion VALUES('user82@gmail.com', 'Tingsryds');
INSERT INTO operatingRegion VALUES('user82@gmail.com', 'Göteborgs');
INSERT INTO operatingRegion VALUES('user82@gmail.com', 'Norbergs');
INSERT INTO operatingRegion VALUES('user83@gmail.com', 'Uppvidinge');
INSERT INTO operatingRegion VALUES('user83@gmail.com', 'Österåkers');
INSERT INTO operatingRegion VALUES('user83@gmail.com', 'Markaryds');
INSERT INTO operatingRegion VALUES('user83@gmail.com', 'Haninge');
INSERT INTO operatingRegion VALUES('user84@gmail.com', 'Flens');
INSERT INTO operatingRegion VALUES('user84@gmail.com', 'Oskarshamns');
INSERT INTO operatingRegion VALUES('user84@gmail.com', 'Lysekils');
INSERT INTO operatingRegion VALUES('user84@gmail.com', 'Öckerö');
INSERT INTO operatingRegion VALUES('user85@gmail.com', 'Västerås');
INSERT INTO operatingRegion VALUES('user85@gmail.com', 'Värnamo');
INSERT INTO operatingRegion VALUES('user85@gmail.com', 'Botkyrka');
INSERT INTO operatingRegion VALUES('user85@gmail.com', 'Vellinge');
INSERT INTO operatingRegion VALUES('user86@gmail.com', 'Nora');
INSERT INTO operatingRegion VALUES('user86@gmail.com', 'Huddinge');
INSERT INTO operatingRegion VALUES('user86@gmail.com', 'Hjo');
INSERT INTO operatingRegion VALUES('user86@gmail.com', 'Timrå');
INSERT INTO operatingRegion VALUES('user87@gmail.com', 'Oskarshamns');
INSERT INTO operatingRegion VALUES('user87@gmail.com', 'Gullspångs');
INSERT INTO operatingRegion VALUES('user87@gmail.com', 'Åmåls');
INSERT INTO operatingRegion VALUES('user87@gmail.com', 'Åtvidabergs');
INSERT INTO operatingRegion VALUES('user88@gmail.com', 'Gullspångs');
INSERT INTO operatingRegion VALUES('user88@gmail.com', 'Sölvesborgs');
INSERT INTO operatingRegion VALUES('user88@gmail.com', 'Lidköpings');
INSERT INTO operatingRegion VALUES('user88@gmail.com', 'Säffle');
INSERT INTO operatingRegion VALUES('user89@gmail.com', 'Upplands Väsby');
INSERT INTO operatingRegion VALUES('user89@gmail.com', 'Ljungby');
INSERT INTO operatingRegion VALUES('user89@gmail.com', 'Boxholms');
INSERT INTO operatingRegion VALUES('user89@gmail.com', 'Bengtsfors');
INSERT INTO operatingRegion VALUES('user90@gmail.com', 'Vallentuna');
INSERT INTO operatingRegion VALUES('user90@gmail.com', 'Luleå');
INSERT INTO operatingRegion VALUES('user90@gmail.com', 'Orusts');
INSERT INTO operatingRegion VALUES('user90@gmail.com', 'Grästorps');
INSERT INTO operatingRegion VALUES('user91@gmail.com', 'Stockholms');
INSERT INTO operatingRegion VALUES('user91@gmail.com', 'Haparanda');
INSERT INTO operatingRegion VALUES('user91@gmail.com', 'Ödeshögs');
INSERT INTO operatingRegion VALUES('user91@gmail.com', 'Ånge');
INSERT INTO operatingRegion VALUES('user92@gmail.com', 'Österåkers');
INSERT INTO operatingRegion VALUES('user92@gmail.com', 'Mönsterås');
INSERT INTO operatingRegion VALUES('user92@gmail.com', 'Lunds');
INSERT INTO operatingRegion VALUES('user92@gmail.com', 'Falkenbergs');
INSERT INTO operatingRegion VALUES('user93@gmail.com', 'Ljungby');
INSERT INTO operatingRegion VALUES('user93@gmail.com', 'Dorotea');
INSERT INTO operatingRegion VALUES('user93@gmail.com', 'Trosa');
INSERT INTO operatingRegion VALUES('user93@gmail.com', 'Mölndals');
INSERT INTO operatingRegion VALUES('user94@gmail.com', 'Kramfors');
INSERT INTO operatingRegion VALUES('user94@gmail.com', 'Ljusdals');
INSERT INTO operatingRegion VALUES('user94@gmail.com', 'Lerums');
INSERT INTO operatingRegion VALUES('user94@gmail.com', 'Ulricehamns');
INSERT INTO operatingRegion VALUES('user95@gmail.com', 'Håbo');
INSERT INTO operatingRegion VALUES('user95@gmail.com', 'Töreboda');
INSERT INTO operatingRegion VALUES('user95@gmail.com', 'Staffanstorps');
INSERT INTO operatingRegion VALUES('user95@gmail.com', 'Svalövs');
INSERT INTO operatingRegion VALUES('user96@gmail.com', 'Heby');
INSERT INTO operatingRegion VALUES('user96@gmail.com', 'Hofors');
INSERT INTO operatingRegion VALUES('user96@gmail.com', 'Stockholms');
INSERT INTO operatingRegion VALUES('user96@gmail.com', 'Danderyds');
INSERT INTO operatingRegion VALUES('user97@gmail.com', 'Laholms');
INSERT INTO operatingRegion VALUES('user97@gmail.com', 'Klippans');
INSERT INTO operatingRegion VALUES('user97@gmail.com', 'Dals-Eds');
INSERT INTO operatingRegion VALUES('user97@gmail.com', 'Oxelösunds');
INSERT INTO operatingRegion VALUES('user98@gmail.com', 'Dorotea');
INSERT INTO operatingRegion VALUES('user98@gmail.com', 'Lysekils');
INSERT INTO operatingRegion VALUES('user98@gmail.com', 'Nordmalings');
INSERT INTO operatingRegion VALUES('user98@gmail.com', 'Lilla Edets');
INSERT INTO operatingRegion VALUES('user99@gmail.com', 'Hällefors');
INSERT INTO operatingRegion VALUES('user99@gmail.com', 'Norrtälje');
INSERT INTO operatingRegion VALUES('user99@gmail.com', 'Osby');
INSERT INTO operatingRegion VALUES('user99@gmail.com', 'Mora');
